username,hashedpassword,phonenumber,firstname,lastname,joindate
a,$2b$12$x0cexAQgXVVku3aSLqbWfur2f3n2w5yuLbMF5Pf5JtR5Hhy6cyzeG,123,a,a,2020-04-15
b,$2b$12$y2LGpB4X0l.EisDWVE/XFOpcICziKCe/yf1cmGUJ8MnssJysqJWzm,123,b,b,2020-04-15
c,$2b$12$obyFLZuvy0qvnXZP2KEYXOGCsgTEQPu6WRMJecWB7xYUH2Yzn.qNy,123,c,c,2020-04-15
d,$2b$12$Otqn9IYexPLIwBsy3mMXQO01kHRoU8VcKfJ5FcpxCaPId43vxdwMm,123,d,d,2020-04-15
e,$2b$12$qw8NAs6MSt5BILC3Aywzf.Ilr65e.kdTDCZn9gHgZ0KzaS9Zuqlt.,123,e,e,2020-04-15
f,$2b$12$OU//LOVAo8xtPc7ACKbZxunQNhK2LKMRNtYOQkK7dhM1Naa1CQ.9e,123,f,f,2020-04-15
g,$2b$12$Us5tlgOxqTup6xeDaiuCZ.k1SA7q9TVLvrcZYOtIR65Z7UkRTlrBq,123,g,g,2020-04-15
h,$2b$12$M3j.miNL7O6Z4jOBaE5nc.o3TUp4J71pSQEJv.ObjpmUVWyZVTAnm,123,h,h,2020-04-15
i,$2b$12$JgajZWlS1yLPVPz.9miVWOLm7eTJ3XVbfIwkER7hcBSAO4K0N.h8u,123,i,i,2020-04-15
j,$2b$12$xNCnOweLj01zBwD7blOVFOL7CtWRUI32JgdSdAXxRllXJ2gqyHDfq,123,j,j,2020-04-15
k,$2b$12$3hA0Je0GZM4mUBnb.41DEun0aGHYqLAwJr7D6kczsmbxHj7aQA0ny,123,k,k,2020-04-15
l,$2b$12$gf1.PHnLZ.anDuEQSu.R9.kaMIsqi5JcclGvI04COhaXyGFlrfUG2,123,l,l,2020-04-15
m,$2b$12$g7Y0IkpQ21Ao0qT20HNmC.Pwz8RtjCX5DR/hCB2GBUtOUuUFIgg9y,123,m,m,2020-04-15
n,$2b$12$UpmmN/30BXkoWVLnuYb.UOK8lelF7huTy1gUYq53vKlq5ISreGMza,123,n,n,2020-04-15
o,$2b$12$fKmzb.HxL.Pu7/sav1KRtOAhNUzXywow5tGhzTYoc9NRJej3Nd8iK,123,o,o,2020-04-15
p,$2b$12$31zGjFY913EvzKCTBBIdXeuBPptm/aCsoTs7M4HA/ViEu025WCPRq,123,p,p,2020-04-15
q,$2b$12$pHKO.hpKr9jogmScXR0E1OwTNeSMdNdzteg4xpLAgYJDc2wE3pIwG,123,q,q,2020-04-15
r,$2b$12$eyK5uTGqDdrzgTt9uyaAsOPDsbb84srz/jOdZIUr1tjyBkO.yUCI.,123,r,r,2020-04-15
s,$2b$12$MixlrtZRx3/vR4gINMDe4.3pQwD4f0AvdKUNDCRBP.MBAf1l3y1Ka,123,s,s,2020-04-15
t,$2b$12$5IYBnorJXQ6UEVuOChaVf.5WswRwUdrpsdMcTIQ6k2.UQs8.u9kr6,123,t,t,2020-04-15
u,$2b$12$aclewgGjd7ydNlig3iVqKOo4.mBskBOW/gTdns2V/pp88Lj9GUeRW,123,u,u,2020-04-15
v,$2b$12$K/SNrK5bb0TBxeuFV32ejujcyHoKnqxmFn/I6Sb23O/fb42P9rk4O,123,v,v,2020-04-15
w,$2b$12$gf6N5Xuo96TbnSAfImi9P.YrBUxUgzsvisIXGmFE0ySinpEWb2JxS,123,w,w,2020-04-15
x,$2b$12$Zl4vcLNtzZZv4cRiRUoxp.jS4N4ua3j53AiFYeB2hPmuctBSn2Dby,123,x,x,2020-04-15
y,$2b$12$tevDT5jE/TAQ7vvkE8m9Ae8FOHa4IQ5kMHLp1vFq6t5RwITCejX0S,123,y,y,2020-04-15
z,$2b$12$Qz0ACY2spMRxgEvZDv.u.uzhEU6vBFgZVODnrufGvQvY9dYx8iFpG,123,z,z,2020-04-15
_Isaias,$2b$12$2zsulU/wOEfaI4YXkHEMp.YEhuuByMmGLUIN4L.1UQDVr3zMi6eRK,rider,rider,123456,2020-04-15
_Braden,$2b$12$10XVa91wYRsgjkoku7tAX.R7L37IiUpwsI7OyG2heYg8doy61DM1G,rider,rider,246912,2020-04-15
_Quinton,$2b$12$T.bqBQ04IHfgObJgtm2vgOOCFzYyTfF6Ca.mp.VkyKvXEN.yZl4Ii,rider,rider,370368,2020-04-15
_Cannon,$2b$12$5nDmT9h3tqoiTKc89BZtHeF5MgeJWtYylzfA7RXMKRQHC9E2yZt6K,rider,rider,493824,2020-04-15
_Ayaan,$2b$12$3tdkrE7Q5iFc4i1J6fDI8uNvED7OPCOhRl6yoHO8gdAl93PvwdSfO,rider,rider,617280,2020-04-15
_Mathew,$2b$12$m.L0b0vbJpImyQFfBWXeNeYVLLHBTM.DGB1DKMUGUDUpKBrkOZG2e,rider,rider,740736,2020-04-15
_Kellan,$2b$12$2kTNU258fve8Htmyd0rvUunVpo8MWq7F1rsRaRmGd8371nYA.SOgC,rider,rider,864192,2020-04-15
_Niko,$2b$12$qMYWAN44IadJHgiNkEMDPervXlpKeaRgD1vGPfDY7jg8Q7Ig.F3Ku,rider,rider,987648,2020-04-15
_Edison,$2b$12$Yfs4T4k7kCk/ThVFllITNOxBMM8M6AuaqE/wH9uufTf0bMLpZT9YG,rider,rider,1111104,2020-04-15
_Izaiah,$2b$12$cCFiJkOdd/gDuFsTx0OF..m1Kiv9NRFQbaRYIOJ4mZs.JrtrxMy2y,rider,rider,1234560,2020-04-15
_Jerry,$2b$12$wGBbCS2u1H9/s9bQ8xNiyep6AQeXwnIRn86gFHKN48.0zCzAm4Aca,rider,rider,1358016,2020-04-15
_Gustavo,$2b$12$DcbR/wiaYMXnRE0Z5d9MFOW/LqkMFKNStBvjAIZPkIJQyOgAXiVpC,rider,rider,1481472,2020-04-15
_Jamari,$2b$12$IDFXGTKFRUTQMWeJlvHk8uzINjQ7jZ.qiaTQL7qFPNKf0iap.VTzu,rider,rider,1604928,2020-04-15
_Marvin,$2b$12$uGF6p9TZjYrCJTwX/41Xrek0ph.fBwtNzLyTJk.GCWM7fuBR0Y9Kq,rider,rider,1728384,2020-04-15
_Mauricio,$2b$12$T6aJ7EgfKRdVdyEK0ZnWbOY8lY5nwZt5k2DnTJBHKccckQ6j96Rk.,rider,rider,1851840,2020-04-15
_Ahmad,$2b$12$Xm9Q/jXmHIu/bVfVcrodA.vsv9UTX.kA0G8vTvy63eFNRGYk5b4PW,rider,rider,1975296,2020-04-15
_Mohammad,$2b$12$pisl1JztrLbKOBI7S.aWR.F9jq7eVE98Scg6J1mfRcNgYYAhDPUPG,rider,rider,2098752,2020-04-15
_Justice,$2b$12$A7cIu.FA0xEdn082ZiXptujbmvBt1oJYKPysrtYrDQtIpiDcYtKhK,rider,rider,2222208,2020-04-15
_Trey,$2b$12$ugcYxmNFp/zB/ucoJBe./Oo5DjKXLmG14XTPqkH38nnnw.S7xB/IC,rider,rider,2345664,2020-04-15
_Elian,$2b$12$oIf63QzzN0Q/AwaetYKJGOMLG7L5Acc8P/oZZbQxV8TvcTvFkS6fK,rider,rider,2469120,2020-04-15
_Mohammed,$2b$12$y/WCI9RoLsiBezMTbXykJulzvOwaufP/nIwhxjwwa7eJL26mHr06C,rider,rider,2592576,2020-04-15
_Sincere,$2b$12$B.AG3ASD2xLS./NT8tdV7.PiMXdgNvVTT75mB6qryKKLq1v/OkCN.,rider,rider,2716032,2020-04-15
_Yusuf,$2b$12$xDVCCkZaJN1opsO/yRE/9Oz62H/wTwApaLFEDZegYvZyhVT1pOhiW,rider,rider,2839488,2020-04-15
_Arturo,$2b$12$3NPHDbvN0pM0lPZPMaagP.A3x0RHAvtMoS2CGIbMbFpkrjGIl7Vsq,rider,rider,2962944,2020-04-15
_Callen,$2b$12$m43e652ZdgNP2JcqWiEWvekvHpCND3Lbpt038UdQwyg.ijvRprHny,rider,rider,3086400,2020-04-15
_Rayan,$2b$12$mak7nyx6Kuy0UlCr/sCtiuH/tKnPhRGb4JcGhS3zVLCqQxqwzBmb.,rider,rider,3209856,2020-04-15
_Keaton,$2b$12$0Ixbi/UPWzjhtyABIOMqbeTyyZYf1LP8vBdEA.lGlkPM8Tbq30jvW,rider,rider,3333312,2020-04-15
_Wilder,$2b$12$0V.ZP8eGVxGKxtqjxzAtYeamKippcR.eDMdlY3kev1z3EmEHp5fXS,rider,rider,3456768,2020-04-15
_Mekhi,$2b$12$Eq2rUe3m2hlo6AhrrmIE8uYtVf/wYVbMHY8XxY4.TMEcD0QCc8A6W,rider,rider,3580224,2020-04-15
_Memphis,$2b$12$.EtAVEr6nCw29SV5ASG6..9kDgRKxuINsfzGCAGkQ48zd7bgHmMcq,rider,rider,3703680,2020-04-15
_Cayson,$2b$12$4LGhwxoWeD7wTLtdt2W63uR8VkuWCBHI4l2EB6jpN8t9vYxAWB/xe,rider,rider,3827136,2020-04-15
_Conrad,$2b$12$ti.iiHsaJfMh9U86pR1YsuqhprG5eoyCmEnrpgyELVymrEhre1UXa,rider,rider,3950592,2020-04-15
_Kaison,$2b$12$JZU.sQAnHzHk93dKHup3c.O4b0I47HJ0nDFIhPewiAvSLfBMevTcm,rider,rider,4074048,2020-04-15
_Kyree,$2b$12$p//n7M0YjVK8UqblfjiREushlYtnbIzt1qtgFilFvQmghr5nkKVHK,rider,rider,4197504,2020-04-15
_Soren,$2b$12$PPrlpa3UrHBispfe1d9sj.SgptjGTXQ7wY7BKupaWtg/LGmbineeG,rider,rider,4320960,2020-04-15
_Colby,$2b$12$3g.lRsCezZ8WRtZktSZ11OD9IS1p4TdGwzQ9VTohZ2ZNiEuV7C5ra,rider,rider,4444416,2020-04-15
_Bryant,$2b$12$2udoCYddY8VZQ6hpWFcISu3hqxPh2F7VNhY827imk3ZKwjLDpvt..,rider,rider,4567872,2020-04-15
_Lucian,$2b$12$WSXhzAOTbJ0qnts4k1ES..h2UaoJhqGOJrNN1Z0CbaRXqQYyl/pme,rider,rider,4691328,2020-04-15
_Alfredo,$2b$12$dlW2QPNBsq8LPwEAgD96N.0qG5ohrWRE7Gb56cM7PILPruDajctQe,rider,rider,4814784,2020-04-15
_Cassius,$2b$12$RQACYXTc/3kRY3fjzWLAee8q22kSOvmiuusvWv47keVex1XD2fkMW,rider,rider,4938240,2020-04-15
_Marcelo,$2b$12$XvAjh.XDKthJUAuKpjvYMO6HSgVWYYNGfmTwZYXPxnWQ7DmRvsyhO,rider,rider,5061696,2020-04-15
_Nikolas,$2b$12$QPI9WVtSq.qfzwTgfgBDl.U1MrV0vHFK4J6DGL0W3tbr5Zd3MLTey,rider,rider,5185152,2020-04-15
_Brennan,$2b$12$JOrWGdx.ksuBUP7rBuLAAOGLmtt7AUUcSwpLC5k/2y58O9ckU8dTK,rider,rider,5308608,2020-04-15
_Darren,$2b$12$ObF10J7pwIh.cavNETw5P.yI8eRxTpF8layoxYdnlQVEMwTHLM7mm,rider,rider,5432064,2020-04-15
_Jasiah,$2b$12$roPh.NouYGkDcoHsdQo2FeXU7m6Z2E1WG4RxSdPxPgC7pYcHOG5ay,rider,rider,5555520,2020-04-15
_Jimmy,$2b$12$KFUVf3dfvOeIDuULFesXZewlnulYuXc6zk9IyB4IZzvsoooq5gvoa,rider,rider,5678976,2020-04-15
_Lionel,$2b$12$18waR1unN6E6yOB.nsDebOG4rGCUTq7GddXwfXJ1xX/RQkTBcdkf2,rider,rider,5802432,2020-04-15
_Reece,$2b$12$7g7nHJZ5eU5F.mqcJaN6vuaqB/z5eVmSZnfBrO7neopI8Opq7CKjy,rider,rider,5925888,2020-04-15
_Ty,$2b$12$cn/3XDhgLdXaXv56OrWL7OZb8fhtTk9geAmTii3qLxV9dCwytNbs2,rider,rider,6049344,2020-04-15
_Chris,$2b$12$uM6T6hzEqdVtxiofFB.u/eVYqZtZgO2NEx9br5bBaxxi3xGiP4n4u,rider,rider,6172800,2020-04-15
_Forrest,$2b$12$hnLDKavCu0FmpO.9tRZjhOqE7BKeRqKqAUpSsvYGT7laDhnKhSJTW,rider,rider,6296256,2020-04-15
_Korbin,$2b$12$eCHtYeWYeIP5viJmP6XB..wGNeHybYKsFC3Z/HSlIPqhwDyFKPPDG,rider,rider,6419712,2020-04-15
_Tatum,$2b$12$cXB.AdrpoNgOk/VogX74KOG8wU1pGVjoXj7S/RPPs7PMhTZAdz1JS,rider,rider,6543168,2020-04-15
_Jalen,$2b$12$is3BuMH8Lw6XHZJXoV6VuOVKj0TzpJWcklmC9Ti2TgzyS6cNZ81S.,rider,rider,6666624,2020-04-15
_Santino,$2b$12$DwTueVtFPWt7iAs.5jdXze5.2B/i427ZPohHvugPcXmFU8RYX14li,rider,rider,6790080,2020-04-15
_Case,$2b$12$HnRXCjMs3WRWvZBAY1UEgORk9mQg9DiAvQ51fzPV0OdPkXyeG533C,rider,rider,6913536,2020-04-15
_Leonard,$2b$12$woTzwndolpbjQsNe4ZERwebT0YbAqRE8IbGsqJD8rg6gbyTh5wS3W,rider,rider,7036992,2020-04-15
_Alvin,$2b$12$pPF/xy9UBBDKE1eoZ/XIE.oXf0tGYdcAfR5pJf5b6zH5DtvKKmc4q,rider,rider,7160448,2020-04-15
_Issac,$2b$12$W9LlIiMgV1fVFQFFLVpiFeSwzv.IUqQMj7/GAlJNkYWq7ag02CZzS,rider,rider,7283904,2020-04-15
_Bo,$2b$12$UrDaNqMDcqWXiB0LO/P/Ku4FEcj3XdKrP1Rfu78iCqPidb1oo3YgS,rider,rider,7407360,2020-04-15
_Quincy,$2b$12$u4AYzmPRtQwY3ZCQRqu9K.dDHiM18DfABaSFygaNUs0.LZxd6st6y,rider,rider,7530816,2020-04-15
_Mack,$2b$12$HaFZOusmZ.XGzLYWAp/gKeKam44D55I8sw5Ot5qTeGz9XvHz0f6c.,rider,rider,7654272,2020-04-15
_Samson,$2b$12$bPIxQj7ZP45j90mf4ZqdpuJ48hfe9TU/XkVdy0Lx/wz.is.3VWvqW,rider,rider,7777728,2020-04-15
_Rex,$2b$12$slTHl5TKtijkxrBBcV2loebVQXAfmm8QbUVAdGUu6j6PODAgz1lRy,rider,rider,7901184,2020-04-15
_Alberto,$2b$12$CnqeBvGZouQuZNfvoPKdm.Qr5/CTGvbDDuQmmwe.5ofXdG1Zn.NOe,rider,rider,8024640,2020-04-15
_Callum,$2b$12$bF1ELyk/1gWVaBQkwSoVUO3ZIdhPREfOqSjHFDZw4yh3Xy0Qvuctq,rider,rider,8148096,2020-04-15
_Curtis,$2b$12$0jCEQYu6bKqavIf/AZw65OYLIwRa8.KicooBOV8CiVqeZGdrhLQUu,rider,rider,8271552,2020-04-15
_Hezekiah,$2b$12$Pqwe5IsglknU9DJQ80fux.XCOyieoJrRjyOIMuoPWr2Q1Jvzh/d8q,rider,rider,8395008,2020-04-15
_Finnley,$2b$12$k6I97.9DsX.ouNwhz7kva.P5I30ire7ukKY2LvKCpp5imGXfbaOPG,rider,rider,8518464,2020-04-15
_Briggs,$2b$12$vbb/9MemmxpnfP7A9cpVt.K85uPRhu/ywzck5eRHKdeXqBiD3.Em2,rider,rider,8641920,2020-04-15
_Kamari,$2b$12$VuZHzzzIea7Gs5RLPGJfNe/SZ.4W1pueq8izVDOwv0H3jbPaLfZ5i,rider,rider,8765376,2020-04-15
_Zeke,$2b$12$Qzxu2aLDJb/QXXzgV.fcKuAAI/Z2yIO64JOnMxLE.9m4ZQDItC/aK,rider,rider,8888832,2020-04-15
_Raylan,$2b$12$SWCC3cBY0fppd71AwHhyeeAg5MBpn0ihFLbs.fl8TwOVt5SCfxOuy,rider,rider,9012288,2020-04-15
_Neil,$2b$12$HtEaPjK5yenlDAUBnFWWNuZKo/ftVFprin3y6YxDsrHP9Trgcy.YS,rider,rider,9135744,2020-04-15
_Titan,$2b$12$rlfgeBXpOfEwzUAOIUdRvucOhKH0HVqDNdbe4kJhtC63wQ.RRnAfq,rider,rider,9259200,2020-04-15
_Julien,$2b$12$A9LFERrEa5XtWIz9UAOAn.OWDVw7VBkzlEwFo52/8G0HnF6Jn01YO,rider,rider,9382656,2020-04-15
_Kellen,$2b$12$2wC0yqBl0e6Csmt//xiLWeR1FcQXbhpcYOVEgu1f6ulQynNiloq1u,rider,rider,9506112,2020-04-15
_Devon,$2b$12$1GwFOVSAb4s.Xq9tmify5eg4vytDGuirO4TvqSS.9K3lwBo5mvi2y,rider,rider,9629568,2020-04-15
_Kylan,$2b$12$5KlCzgyRKn3oilM4CKKpl.Oxz.5s2dPP7eVVoXoPQB/k1KASxJqwW,rider,rider,9753024,2020-04-15
_Roger,$2b$12$nnWZUCAEAin6pL274LCNiO2QIG5CALElTNCw7zCCJI9xdyS2NiU.q,rider,rider,9876480,2020-04-15
_Axton,$2b$12$5tTREGI8YNWrVGozrzTAheKwBDsVlSi8XbQKuJxTSpqrDnsknZfeC,rider,rider,9999936,2020-04-15
_Carl,$2b$12$B3Odz.h3uwMOEtuBHEF3J.TUSnwSg5oh/63sbePA0Z1zyeaiv3RoS,rider,rider,10123392,2020-04-15
_Douglas,$2b$12$pVHbdBlkQ0nwFmb6M8.fi.xiwtRgzCqAkMcQZIkNsfUdn58u13ECW,rider,rider,10246848,2020-04-15
_Larry,$2b$12$yHt3cTG.dkE3lrRdBmG6Nu3L4yr/8WHL3TEQT6Pd5/t3wCaWbySfG,rider,rider,10370304,2020-04-15
_Crosby,$2b$12$4VxTeltTQpsJ6nR5Na9enez/aVgqaJuwssxgAljqurYTq0jFY8k/q,rider,rider,10493760,2020-04-15
_Fletcher,$2b$12$0NRpTblsilB.F.bRf1n.K.QBWxW8eMjtQpK3N4HIc91dUCZ2459Dq,rider,rider,10617216,2020-04-15
_Makai,$2b$12$fWFmmhj8eTcCgmxJYB81fe1NGZOpbBYuzsyZHWVp3Itch8UH19Tm6,rider,rider,10740672,2020-04-15
_Nelson,$2b$12$1JkxQ6c8PCUC0zpoiWH9zeSF4H96O9HBp4tWmfuZgkEPJGd6hBiza,rider,rider,10864128,2020-04-15
_Hamza,$2b$12$iMkmmdPZ1u4mo1gc4HGrS.MeCEiq6T6GglMOEquHaBKp3uoTVFiwm,rider,rider,10987584,2020-04-15
_Lance,$2b$12$DO92gWGbaeWf06iqW5hOQOV9d.CcQgNKTtPpiH3v6lS5P8DVl1GBq,rider,rider,11111040,2020-04-15
_Alden,$2b$12$EUS6hAPmALO8dx1cYwQp1eVWpyq.HPVQxTc/uKk94H1ERQkmE3MxO,rider,rider,11234496,2020-04-15
_Gary,$2b$12$8youNKnZMJZRmlrfU1ON2eGR9ewZYKVmVd.2a6A2c0MYgkSsrTGha,rider,rider,11357952,2020-04-15
_Wilson,$2b$12$VSOoAZfNuJtRdj1AYxcHBOWckhVIX0zocITxYrSZ5dBRtgTuu9JwS,rider,rider,11481408,2020-04-15
_Alessandro,$2b$12$qBeuvaY3lIkQl/EBZ..w9OrW3VRhiY27jDImBbKn3l.kN9lvzmW1W,rider,rider,11604864,2020-04-15
_Ares,$2b$12$R6ltVWy3fc/GwyxrvTgzVuTtdijeseG0gmbLAtBulDrpDavOmQU.y,rider,rider,11728320,2020-04-15
_Kashton,$2b$12$Yheyi0eGXA4PBaDjG1Ya4upq37s7JbX7wNYUxdC3LDcvaMwwVgs4.,rider,rider,11851776,2020-04-15
_Bruno,$2b$12$xl3D8y6nLL4C23JEdCN65eFmL7zN.5Hz1nZ7eyp6KrHF6knwaDmG6,rider,rider,11975232,2020-04-15
_Jakob,$2b$12$NglHMs2DnUegGGgjZrwB6.aE0u5SjmBsBCcWUtiHcItL6u2MBc0xq,rider,rider,12098688,2020-04-15
_Stetson,$2b$12$m8f0cCBpv4VmJt4KwMbhcOUJRN.NXmYzi3c64kxnA7p4NVwzSKe5y,rider,rider,12222144,2020-04-15
_Zain,$2b$12$PK4la.I73GuyMZVxxD46kuEQYr3Gf8EOhNj7EOFzdxjVnLpjzsI9e,rider,rider,12345600,2020-04-15
_Cairo,$2b$12$I4YnR2L2nDltacK3un4DOu2wFh.VJg2d2Gm.UdvzTb37U8zU.ayXe,rider,rider,12469056,2020-04-15
_Nathanael,$2b$12$/m/YJUicBUKLgi.EH0pYB.thHrT.6KvNBOh0ftbzOcJanpq9VRLsy,rider,rider,12592512,2020-04-15
_Byron,$2b$12$FM7duWFWymxO/InctGmaLepoV6z2IwNtQ3LYuKhd1xokCMX16lt7G,rider,rider,12715968,2020-04-15
_Harry,$2b$12$Ft/uT.1HvSlBIPFlPvEf5OGF1/KZ/PiwtANhrNshPDVYCbshy8p12,rider,rider,12839424,2020-04-15
_Harley,$2b$12$c3IsLk3ytujk0l/blfMYKeYEfShGcTAU/zwL9kGiXR840.UCwXbfi,rider,rider,12962880,2020-04-15
_Mitchell,$2b$12$4uBLVo13Bt7yxNJjocrr2.ykNZi2yKJO6imAnMNrtU6DUynuga712,rider,rider,13086336,2020-04-15
_Maurice,$2b$12$zZ0E2Iq4ugZfO8G/F7VqkOcCAZBNZX9uvGLcl.o7TsskGeodnluSq,rider,rider,13209792,2020-04-15
_Orlando,$2b$12$WCCHrwJjc/x1HVAAylxpVucuqBHVe43JkHTKdN8ky5POofE6cA2Ci,rider,rider,13333248,2020-04-15
_Kingsley,$2b$12$gQEwCGkgWgsD3S243fjbLelnghMCXlzqUQUcx4BGSvk46Ee7lSNcK,rider,rider,13456704,2020-04-15
_Kaysen,$2b$12$GFUsRDQ9baofVSRmvBKqSORQZt/Frff9kvs2a8HH6D.q2ZGgWhIa.,rider,rider,13580160,2020-04-15
_Sylas,$2b$12$1gtln5PtL57w.ZdsYkWb6OqOkK9ti9Y3A7lqnr9lzOynBKCfmpd7m,rider,rider,13703616,2020-04-15
_Trent,$2b$12$Nk.kPRxqzO5XUp5GDi8JFOs8Trvc3gSHzayYDngxX5tuevD9v6Sou,rider,rider,13827072,2020-04-15
_Ramon,$2b$12$DCCK3rPIlXaGjhR5QNmpF.Q5orNtBtaEh7blZaMxvkghixpYL/rtC,rider,rider,13950528,2020-04-15
_Boston,$2b$12$fxWJflBQX29e4/DKpeKDceuZj84M8ozlKyV6zkjpxRlddpemXcHou,rider,rider,14073984,2020-04-15
_Lucca,$2b$12$aYVRRDshPgqz53o3Y/YtbOL1PnMcl5QW.aMBU.yyn/cCrLiBeQm4W,rider,rider,14197440,2020-04-15
_Noe,$2b$12$D8vjelNciHfBc4x.SnEaTuTnew6fHagxhQjxElMr6.xlnfOvFHkK2,rider,rider,14320896,2020-04-15
_Jagger,$2b$12$iS/kTriZluBl.Vm7O/8ZjOZPvsr9iSphPjQqj44wGOpMrJPjrMEbG,rider,rider,14444352,2020-04-15
_Reyansh,$2b$12$LGNloiVeFrzR8Z5YFIS4t.XbyUTozaLgiDqsdNcIVA1nZZ.wP/jby,rider,rider,14567808,2020-04-15
_Vihaan,$2b$12$uwP.EK2cg0X0yw2h6TjlFOw7Q3mRlgpv4ECMPwnCaEXLV.h4.CSZO,rider,rider,14691264,2020-04-15
_Randy,$2b$12$KMHbeWIX.vIjQvHEhX4w7eWLL5zRjzM5CdX9PUx.uHtBXdpOVGVC.,rider,rider,14814720,2020-04-15
_Thaddeus,$2b$12$bh5wRxktmvcxi9cXGuFl4OlJJc1nOuAiHFRgV1pkrkNXib58QQfc6,rider,rider,14938176,2020-04-15
_Lennon,$2b$12$8n5r8kT/haVpl/MZtDsae.yyrQHEcAm4HK/RKuzMPMPV1eCbSjAHC,rider,rider,15061632,2020-04-15
_Kannon,$2b$12$WCw5je0ar6nvQRV.W5vLu.gDcIWN390BiBKq0upbPdUjnw1uTBrca,rider,rider,15185088,2020-04-15
_Kohen,$2b$12$DBkbx01UBqumzOBnGqbE6eLgqdNS2Pa3CyUdXRjjQuHUiPrqnqA6K,rider,rider,15308544,2020-04-15
_Tristen,$2b$12$qaY.3deYnkky2fiQ.hXlOeWSlzihQHMVx6T42plYgQaTAKqXB8LqO,rider,rider,15432000,2020-04-15
_Valentino,$2b$12$svCu5gk9itSUwWsgdehEEeXGerDQ35uus.xlVP7MYK5kyEwyf1aJK,rider,rider,15555456,2020-04-15
_Maxton,$2b$12$9hecphPeECcomk0iu2my7OvtCIaJat5som5gDZXGtgP5vFqIJJWxG,rider,rider,15678912,2020-04-15
_Salvador,$2b$12$PG19KCDWKan1KVVBmAPxaeWNDLJUhnvLQBtoRynkWm8jb4JWutdXa,rider,rider,15802368,2020-04-15
_Abdiel,$2b$12$XEomxJO5xmDike.eWNRg5OmZ6e6jA3YXTuQx1n6UHiSY/.tES8ddi,rider,rider,15925824,2020-04-15
_Langston,$2b$12$t.31o2fEvXwn4buT2YrN3ejPZJwTpXpuUeI3eqTURnc6TM.fZkOby,rider,rider,16049280,2020-04-15
_Rohan,$2b$12$6LL1MFhQQYwW8PUvF1EgC.Mln.59SLPagE5F18WLNwFJne.qYVzkO,rider,rider,16172736,2020-04-15
_Kristopher,$2b$12$XIpaeKFf8/TyclH7eqSO7.RaSxXKmYww9rVGYKg7SfeKXltTxVsLS,rider,rider,16296192,2020-04-15
_Yosef,$2b$12$n66/aTJ7W2se4G18YO/1uO70DNTgyq/wmNscT9U3Svnua46nk1AL6,rider,rider,16419648,2020-04-15
_Rayden,$2b$12$/Hv5qZuusR0HEaJo6eu/negjb6f1zXg0.4LkJZwpJTqV7mmABcT6O,rider,rider,16543104,2020-04-15
_Lee,$2b$12$rJT3PS0mpkc2atjt5UNWZ.FM030SsS7R5Z8dZCwu2rX4GSnF.KaiS,rider,rider,16666560,2020-04-15
_Callan,$2b$12$IGd..SQcK.Ce9khn2Upfee45oMGGOUw.8pOqI8m8GdlrdSnm0Nbf.,rider,rider,16790016,2020-04-15
_Tripp,$2b$12$zbARy8tfeDgwUSoGZhcD1eMFFYh2Tot1FqShEV.03DUO6Kkls5IRa,rider,rider,16913472,2020-04-15
_Deandre,$2b$12$Nb0P82m2FooJTS2R1ti5qOl1wwaXzpxBWS43Pj6ws0gJuI4ZE23LC,rider,rider,17036928,2020-04-15
_Joe,$2b$12$J8JRk6TPna7AfFJud32NBeuC/9Cr46w7cYkznKep3gHVU9pnKyrUy,rider,rider,17160384,2020-04-15
_Morgan,$2b$12$ZEM/H7OR1JKCxNmle735YOoZrpVLtZ.NntTy/sL.ndGlttN1X3e4i,rider,rider,17283840,2020-04-15
_Dariel,$2b$12$N16oYlrVpqbIeO4C4BiegOtei1Pdi7o.y.BpZKdxDH5IGCK3Bv2TW,rider,rider,17407296,2020-04-15
_Colten,$2b$12$fa9eYcj68i5FJjWVENIw6On6JDlGgvT8YVz8f/9CgUfA/zHp5XBP.,rider,rider,17530752,2020-04-15
_Reese,$2b$12$XVUnpQiXxBhW/Jwc371sfOxaiditLjxk1iSM1S0LlABK3S0eFoLCy,rider,rider,17654208,2020-04-15
_Jedidiah,$2b$12$IPXjbA1nmpuBAR5iY23/2.sew6OM.pK5/ulWHj./Z1Z4./YlBBkgC,rider,rider,17777664,2020-04-15
_Ricky,$2b$12$8k0TS0bmuwU.9S/DCwV7Vesmxsbekfn43Qftf/VPPEEyab7r/PDKO,rider,rider,17901120,2020-04-15
_Bronson,$2b$12$vtPwKw6EYGw0WkQ9Jf.ZnOrJLnX7VY6XblGLyUy853hbPZCEUVEua,rider,rider,18024576,2020-04-15
_Terry,$2b$12$XrTV153xJxRtcMoeIpkVxu2sQ1Elxfi6sOp8/hxtS9Rsn5L9TXo/a,rider,rider,18148032,2020-04-15
_Eddie,$2b$12$BKMDYhyP1jRlX2rVthBYRuE3wpfu2l7r9G.SKU5Wn/FjkOL66ra0W,rider,rider,18271488,2020-04-15
_Jefferson,$2b$12$dEDtGQXJXOfgsKULtiRkS.vDSZ3ki/wKDbwp20c/m2pRtTWBF5pUC,rider,rider,18394944,2020-04-15
_Lachlan,$2b$12$R1gkBX0yEwI/2cgq9EN86O.rFEow99kPVqBXDDOsvQPkK1V8Uz.r2,rider,rider,18518400,2020-04-15
_Layne,$2b$12$nMCOdDhnTcODSZPQ7VoqfeMKNj0hfsSj5zyzq1G7K/d.sQWgIrB4W,rider,rider,18641856,2020-04-15
_Clay,$2b$12$OmlHrmPqD.eabUy0usO5r.Ppm4g8CtXV8koMosWR6gJdJQ6DDaDzS,rider,rider,18765312,2020-04-15
_Madden,$2b$12$Us1rKLwhMAQzlvUGaii5auQgcm7dlOKNWyXKFBHacwGWvu569kRsC,rider,rider,18888768,2020-04-15
_Jamir,$2b$12$pkMZKsDsXNlK4QdR872epOYaT/sEEFIy2Ro/iU0IfqeTvdx/1l7GO,rider,rider,19012224,2020-04-15
_Tomas,$2b$12$TwYHu9iFMkU6PGpFRHpuk.ITM03np30KME8wn4590o/jX75DPZUim,rider,rider,19135680,2020-04-15
_Kareem,$2b$12$DbD0dXpmsoJXhG2TUCA0BuWCkkX.H/qGMjRHB0qvHskfNVen05Wna,rider,rider,19259136,2020-04-15
_Stanley,$2b$12$jKBw8iDw0xJ395eteYm6wuwUY.K2VO2I3xMSjm/cVC5wu4D6tSI1e,rider,rider,19382592,2020-04-15
_Brayan,$2b$12$bE/KQL8T/AIPMAldx1MzQuHzLsJuuV4qQGoZb6C4JUYWYtPebLcwu,rider,rider,19506048,2020-04-15
_Amos,$2b$12$ysw5I6PxLIUcZji0MGqQNuTVEYGNdINE5ZD12uS8MxQSH3ghkp2cu,rider,rider,19629504,2020-04-15
_Kase,$2b$12$p3yBjsJNOeApdM1HqAG42OCR6MV2k0a9A1hATEt12o1HNP/FQMxHe,rider,rider,19752960,2020-04-15
_Kristian,$2b$12$d9Fn9UaPp8j.op1OWn9VqeCfihqL4Ho/OfPF0Aw3fkYjZlwxzkFTW,rider,rider,19876416,2020-04-15
_Clyde,$2b$12$kaiwtZ5X/y8SaPj1RQuOSeeglqA8cEbsZhLP737u/fXHTYXre8lPi,rider,rider,19999872,2020-04-15
_Ernesto,$2b$12$7IZQO42sxGF0f6M1E0hEGuvbPcHTXXNcLki/h1v56JIZu9lbs6dlW,rider,rider,20123328,2020-04-15
_Tommy,$2b$12$N7dItKBzu5MAnWTlW14EY.om0CLhE9ChOahDOKuF3Yi0Pm3lJ7v8i,rider,rider,20246784,2020-04-15
_Casen,$2b$12$vyGGMTsrUgwhOsl7HqB2eukcZG5WUg4qF/z3RY0SwmqyakvkuXMVa,rider,rider,20370240,2020-04-15
_Ford,$2b$12$uUG..tat1LkS2uE6A03ePeePta2uFldvjh.QkXlWKciPibzhHgz3G,rider,rider,20493696,2020-04-15
_Crew,$2b$12$7a2xMbHmiNmiSyukDFOcW.yBP4W2GZBrXFQr3IE5iEPktQGshan8m,rider,rider,20617152,2020-04-15
_Braydon,$2b$12$o0zDI6Sq00RHAYA8zHUdE.sDU0kBRNZ5BsaDUvlAGHYW38hfoqzpu,rider,rider,20740608,2020-04-15
_Brecken,$2b$12$HHZAuAlWJ0hDbEyzzj/1kOJBsZexHBpAbyHzZRjl8.Np9UTfGspfy,rider,rider,20864064,2020-04-15
_Hassan,$2b$12$VETSRbP5uiBoL/cUEwbQzu7Jhjxsj9VckVMgYJKkfTf52HsHqrA5q,rider,rider,20987520,2020-04-15
_Axl,$2b$12$LTBGVW2Gs3qYd7Z9.qNoNOssXzarSybY9K0nX1a8qSVPD.sVKuLh6,rider,rider,21110976,2020-04-15
_Boone,$2b$12$.GN99.JDNuR9FAE7WLS8vO6LaysY6FBkr45j.Gd2giZPHUn2RY/BO,rider,rider,21234432,2020-04-15
_Leandro,$2b$12$tExFj/aAQ/Qj4YxGc.UZ2uYG9H8CjS/80Ck4uXQb5jBZhIqgyzUPm,rider,rider,21357888,2020-04-15
_Samir,$2b$12$1p5mSXFI.a5jjhi6qGjAJOdvNGp2ShSiWSLD7pN1n5ZgBz6s0cleC,rider,rider,21481344,2020-04-15
_Jaziel,$2b$12$2Eq8Uv3ATBzJ5sqGYPVXP.ahfTtIw5NRINTifCr/8nTfzd3gQvuVG,rider,rider,21604800,2020-04-15
_Magnus,$2b$12$kr8SVskOPYCQB4eueXYo1OaRu4ym/OQQTudhs65n5PtkxZza5JQau,rider,rider,21728256,2020-04-15
_Abdullah,$2b$12$TUUwdv2wOdB.d2PPr1iBCuRcCP7ykGeN2ZlOA19SV1K.9uA30Snt.,rider,rider,21851712,2020-04-15
_Yousef,$2b$12$4FPIOoHvWS/kI4.dqJRrOOw7zR4sgCuR3h/8GMUMsoDHWXPkZSepa,rider,rider,21975168,2020-04-15
_Branson,$2b$12$xn/ACgw6JGOj1lhlvTqQoeA3RXHfM/zFC7wVn.qmPLN1IXuinjeiO,rider,rider,22098624,2020-04-15
_Jadiel,$2b$12$r2cEsB2X9WY7phJGSs4bBu/wxjMT0N9XZ0CenSQFyJ82ZFKTBtw/u,rider,rider,22222080,2020-04-15
_Jaxen,$2b$12$eUm6L9AYHQaz/7Slez0E4uz7XlG1Wap1nRCm1nPLPm2uHGLL3Z5WG,rider,rider,22345536,2020-04-15
_Layton,$2b$12$T/kv.tIFYqSZDhw4jHJJPuS/OF86TTOwsx59n1s9UmUX5YgXy8dJe,rider,rider,22468992,2020-04-15
_Franco,$2b$12$ssEhkqZ9R3cI.9sn3j1iHOm393YwQUP2jJMfMMmhnXgQNwg6RSs/C,rider,rider,22592448,2020-04-15
_Ben,$2b$12$uuvdmYfd0xjHsaUVIRWuBOZ.odgXRPY3N9E2qspTgTj/dvlYraqpa,rider,rider,22715904,2020-04-15
_Grey,$2b$12$U4CuN9mSXZekTIA5sUHnS.C05.9PL/mOzbDLuV1akMAjMoAAkULtG,rider,rider,22839360,2020-04-15
_Kelvin,$2b$12$GwTLw0DP/uSeBDwRCJKqhOAGOjl0QueRIeBt.t8UuolUAR9pYm6iq,rider,rider,22962816,2020-04-15
_Chaim,$2b$12$My82X7/aojUjJvh5cZd2lu0oDPOmh1gO3.7gEQMV9XIHJggUTvkl2,rider,rider,23086272,2020-04-15
_Demetrius,$2b$12$QHQ2QKGpRVtfl.0yLVOHu.jsCZzLsXex11qEHA/uafl7OgjwYrvVe,rider,rider,23209728,2020-04-15
_Blaine,$2b$12$JLKMWGNpqsHkuHBgowBgOeM0amXGrChmlLwgJTM0nGFD5K.6lOpie,rider,rider,23333184,2020-04-15
_Ridge,$2b$12$NCPGHBe4Wy/9D9D1SXS/oeUCqGDrh.wAhP0453.GQvoj4XQMKOdJi,rider,rider,23456640,2020-04-15
_Colson,$2b$12$aFdSM5.8POtFL/IXmnDFZOUPCB3dSo5gR7oH8wRQdKyomNefsaI0K,rider,rider,23580096,2020-04-15
_Melvin,$2b$12$5IN2M1/GbH.mKy3.EIVjH.Z/uA0DcQ3i2gCvMm7xqa3wjaz6wXCKu,rider,rider,23703552,2020-04-15
_Anakin,$2b$12$IjDJv5DBDUbZ6bW/K89yrujCFy5YCgiv.1Omcjx2tsyHo8vGUVBVC,rider,rider,23827008,2020-04-15
_Aryan,$2b$12$idnN2Q4u6y4nzaloe/emY.aTljqQl8ajfI4GEVC6V/jRVQaiThfmq,rider,rider,23950464,2020-04-15
_Lochlan,$2b$12$kLXPw2/ENXPAnj4mBll6X.92L1b0jnBXEDwRnxhybbrHSJ/pyNaCy,rider,rider,24073920,2020-04-15
_Jon,$2b$12$FMQXRKZxshlPGQXvPrGbX.yAn4beo.n1aSZHhQK8yacgBu9AzBE2K,rider,rider,24197376,2020-04-15
_Canaan,$2b$12$9RoF4lCjCQtxQO3Xo.iKXeI3cBwcpJByV5YZ6c4ZcsVT6zivCNb9W,rider,rider,24320832,2020-04-15
_Dash,$2b$12$vcI/y8IfP3nESLv6fhTgjuU3QU/f54hTIXUWwx7k8wwp.TbHZi4vu,rider,rider,24444288,2020-04-15
_Zechariah,$2b$12$F5BUByViZu3PYnZXTC2TbeBucCvCxy3urZ7Ss51LKnckr.fZB0jD.,rider,rider,24567744,2020-04-15
_Alonso,$2b$12$6NCJAxD5wiU2HlVunJuJYOUH00rijwlmz9Xor81z6vzp1ceni/ZP6,rider,rider,24691200,2020-04-15
_Otis,$2b$12$LZI2TKkChmuCJ38glo/VA.vvXmuawejNeNnsmnETNbxlDtir5HLc.,rider,rider,24814656,2020-04-15
_Zaire,$2b$12$tJcoz9m8u2vuuMEnEu5js.Wi6XTISLKQLrO0PnyYG9XnZBN1SDug6,rider,rider,24938112,2020-04-15
_Marcel,$2b$12$76BCFuGp/70a91swJHlege5IGhIsM5YbrDEohjuq2OIEL21aIDszm,rider,rider,25061568,2020-04-15
_Brett,$2b$12$TbtxTr/5t3sW6v7xuj6I.uIOFvTdOiiobCevd1adrRRRVDct57SGy,rider,rider,25185024,2020-04-15
_Stefan,$2b$12$gQZJj6/pQX.ZYQGpgzH06.gIvbAls688FtaPE/8OvCg0AgeESukxO,rider,rider,25308480,2020-04-15
_Aldo,$2b$12$Lto4P73e0GROq3pH9JWqx.wY5QEaS6lvSc7PbxR7G2fH09PtG42cG,rider,rider,25431936,2020-04-15
_Jeffery,$2b$12$9PN2JztYTQyXuJsTa5ujbuRpQZsBLoZZE20I6xr1wKv0fRL9g0gba,rider,rider,25555392,2020-04-15
_Baylor,$2b$12$AYEpfWRvB/mQLrkh/uQbVeRhrbLyjx0vcXmfKa/e6e05Bqdbq6y2K,rider,rider,25678848,2020-04-15
_Talon,$2b$12$iG1FhExRPpD2QnhwZsXZHu7deUpBje1lTOxIAaGrDZw6D37J9bRmS,rider,rider,25802304,2020-04-15
_Dominik,$2b$12$/DXK10EmRW/zGiTYd6MgV.9982pI8lh1SbozN4JFzBZ4V08/i7kki,rider,rider,25925760,2020-04-15
_Flynn,$2b$12$zFkVrOWvwuFPvuT6j.0OC.0vDSiXEAaxEL2w4L4x/5aTGCsGfBHd.,rider,rider,26049216,2020-04-15
_Carmelo,$2b$12$H0EbHvqm30XwmN1n07D3jOnfB3SkeDyGtrCKLLAjJhY5EsZ/x4T42,rider,rider,26172672,2020-04-15
_Dane,$2b$12$pkMvegCqB0u.BGkpd08koug9DB0qUGjOPrZb6m.MQ2UX19nCTalwy,rider,rider,26296128,2020-04-15
_Jamal,$2b$12$yGoYWe569oXJXV1IqYlA/eufHW33ue2UYgGPDrDEM3x9WWMDjRm8u,rider,rider,26419584,2020-04-15
_Kole,$2b$12$6QQ713rUc0COU5DI6ucm2uiZZtAcIjQ4BI.VCZKL0gVEyCa6r6zGS,rider,rider,26543040,2020-04-15
_Enoch,$2b$12$rzUMLWlD1IKjXXm1LJ6Yhu5kWs/7AwphZUuy303oaJbpCBmzYFJuW,rider,rider,26666496,2020-04-15
_Graysen,$2b$12$ZZ6yrIDxNtkbisTHLzmvEOC.97yT1kL5XFw4eEKz7FU9qCL4wlfkO,rider,rider,26789952,2020-04-15
_Kye,$2b$12$G3yxxkDJ3RTfXaw61gA7keR0optcpD9SXr6vWbiX0SM6M2Qm9hRt.,rider,rider,26913408,2020-04-15
_Vicente,$2b$12$DPwQw8w2T70IKYKJe/jFk.RM7Vf0qPezFLJV3N6aBSRm4ctjNNtwO,rider,rider,27036864,2020-04-15
_Fisher,$2b$12$YWQ3HKFMQluiBeqU2bqyj.qv.i66YmpbHhPlo4VUkPPChnjrbhRsa,rider,rider,27160320,2020-04-15
_Ray,$2b$12$1QjYya.mNqKJdxdWJMqqdOp8DxvrEpXmPOLHM1jQ4JhFFx3A57aEe,rider,rider,27283776,2020-04-15
_Fox,$2b$12$T4AEyXfdC7spUdH.3fimTuur7QxOSlsPneiORdU1Ti5AunAvyelgG,rider,rider,27407232,2020-04-15
_Jamie,$2b$12$rdX15dUhW8FcAzMpMw897.obuMe4GXZ4It7dTenFaCLVtxUriARVu,rider,rider,27530688,2020-04-15
_Rey,$2b$12$0Q7amHecJiNK15aOQ.e4QeCwvBBAKOdCrBHFbh/MJJN2qAJ8qWWHK,rider,rider,27654144,2020-04-15
_Zaid,$2b$12$Jc1/pl3pNeakjte5nxG60unhMYqnTaOjUUGxnxMWSPY.qB45qo5cO,rider,rider,27777600,2020-04-15
_Allan,$2b$12$CTKSt8Fm8/G73/EScpB2BuwHtrK730aAiPvL74fY49f1FxoWRSIMe,rider,rider,27901056,2020-04-15
_Gannon,$2b$12$aqm33CtrN2SfWH7H9cbvWuL7Rzdy2.W3hTeFJVFAYmQaP26uIr13y,rider,rider,28147968,2020-04-15
_Joziah,$2b$12$rUrhpn.Srf5KK3AXsBHk6.nvNJtttWZfz.dWU0I4PCQ.q9W88Zdry,rider,rider,28271424,2020-04-15
_Rodney,$2b$12$fljK6riP75OMvJESnLarU.ISwRnYAIKgyIJ.OM7tlfDexbsr/HyH2,rider,rider,28394880,2020-04-15
_Juelz,$2b$12$TJkSYC0cHQyWGT08OVbiveh.r7FiTHq.YJ6p/5H9DKSYtp28qTj96,rider,rider,28518336,2020-04-15
_Sonny,$2b$12$F0g47IuCa7.gnxNYzBLlq.RlpLhQW9wJiqxvgsIfLPxgUfOla3TTK,rider,rider,28641792,2020-04-15
_Terrance,$2b$12$IqNQFa6/C0DGusykvRCBA.wyxad5pIAB3od4CpGAdoCv61ufEbrsq,rider,rider,28765248,2020-04-15
_Zyaire,$2b$12$vrZYE7XwiZrCy3t9TOYy8.gDKcKxwBnz0/DJbfVxojLvDcQ9IzDuu,rider,rider,28888704,2020-04-15
_Augustine,$2b$12$UdpdHYlJbApaUkejU/dNfukq6uoBAzxzbIk2q9OcSuzhN2PyN8xu2,rider,rider,29012160,2020-04-15
_Cory,$2b$12$M9hbPQJye60oKWQ2MEDuPOvvpN3FyBspDVkXJ12kQPpb1v6guHix6,rider,rider,29135616,2020-04-15
_Felipe,$2b$12$v.JRr9dgQGQMm1vuQqK/BuycVnykst9znH65TMOLOP/TjtjUMKcf2,rider,rider,29259072,2020-04-15
_Aron,$2b$12$7P4Rew2LPZ6CdbHsNIVxbe23DxGU4baUKRirenRB3stmtX22DR/4u,rider,rider,29382528,2020-04-15
_Jacoby,$2b$12$LgenzWmQVz2dKkAeABMbr.fUTxNKtqIU.vECqsbQAl7bW5cxcEIEm,rider,rider,29505984,2020-04-15
_Harlan,$2b$12$hqfM3IkgTbVbH1/Ui0kHretdBJ6oSbZjLH9hzowY1ofeXmtxj6bZu,rider,rider,29629440,2020-04-15
_Marc,$2b$12$pw8aM6XwrEkETVKF1RXCTOGXCBeTRzhIR/l5GKjKn9NeXlJ71e8Ty,rider,rider,29752896,2020-04-15
_Bobby,$2b$12$91EG5t6U9uFFsGCMnlaZveOIWxkv66iAW9KDA0UVv8VzblG3Bhr2q,rider,rider,29876352,2020-04-15
_Joey,$2b$12$3LGkU4dY/jqvolWkNAL2E.3TkAVPqnAZ3lOVe0W5U7RlT9/l8UIyW,rider,rider,29999808,2020-04-15
_Anson,$2b$12$s5Dbhujf0C4cSoBP1AJmouwHsIVjPOEDeKtMjPLfy2EM4ZOUO5wla,rider,rider,30123264,2020-04-15
_Huxley,$2b$12$UIgFaJ0u0RuaZXlViaa0DOi5AZPotjMdBJNcNwRrhmu/uYLeMadle,rider,rider,30246720,2020-04-15
_Marlon,$2b$12$xV2T2cbl.icvDzzspclgdeuEY5iAr16Nxg0EJfmO5qHGJ1veMntfu,rider,rider,30370176,2020-04-15
_Anders,$2b$12$19tAo3xlfE2x0OPy9Hmz5.FXdhPFOJEBaKN/b1p4btNltRJFzSuLW,rider,rider,30493632,2020-04-15
_Guillermo,$2b$12$rZi21DHcxASBWKdKAjjyp.cm50FqBEYj4A3WSWoXoG.4mH5DiNey.,rider,rider,30617088,2020-04-15
_Payton,$2b$12$1ZmHQVPjU8hR24/RrsOXEubQqicKqrhOgZeNPb74LYDDuqLLm.71.,rider,rider,30740544,2020-04-15
_Castiel,$2b$12$xGzfFrUQu.UaWHfAibt1..Po5yWVI8wV73h1uLljHn9v.i1QdatPe,rider,rider,30864000,2020-04-15
_Damari,$2b$12$kyRvg1HzoXr/u1Ru7TmFRuJqXc20.5Kc8OgvFNGMXimIXOAIkEumK,rider,rider,30987456,2020-04-15
_Shepherd,$2b$12$5VYiwmp28Whvswj5bSMwleOhIiGx6pHq8Wc8CgLJDYdOBHwCTTiYi,rider,rider,31110912,2020-04-15
_Azariah,$2b$12$fLfVAByT62S6ulq1mXnBCOzjFh4koJAbmkRJ7lpvwfcV78gpRWnwK,rider,rider,31234368,2020-04-15
_Harold,$2b$12$5GwQ6XyGKvc/KGpLtNJOQe0IcGJl/0fy.n92/o64oBqj1MsJ/SlnO,rider,rider,31357824,2020-04-15
_Henrik,$2b$12$ij5RoU5gvrGOZ0uWRHVODOoX.y1QLIXL3dzUAQpVmjpt8HULELFOO,rider,rider,31604736,2020-04-15
_Houston,$2b$12$/mTfLsJAXFbRJDnBIECwke/aEJu4wQHs1GFfvAqCzoq0V9mTSWiZ6,rider,rider,31728192,2020-04-15
_Kairo,$2b$12$WBv2vovyiPJS8T7QnaLPHevDpiQfitXBZ1LvjgN3Ur4pqDEzlywau,rider,rider,31851648,2020-04-15
_Willie,$2b$12$zwe035mGLqOGDsnul4W.1uEV5MvDx5uF8k7NF5nTxgpRg1RvkyWQe,rider,rider,31975104,2020-04-15
_Elisha,$2b$12$txvUz4GVCn/Scbw3G9rE6OaNyptsmOGzpl3fFCVYUPkB57aAgBMX6,rider,rider,32098560,2020-04-15
_Ameer,$2b$12$SzCekq4gv7ACaYjyvJfhrenm.SHJS3vGtp3Ut3uWTxAhWyLNg7Mtq,rider,rider,32222016,2020-04-15
_Emory,$2b$12$oJ.fV2iUgaMvTQMoXNsOEeQXCru.3tg4oMTVSgIT/zFkq5tVnzaKS,rider,rider,32345472,2020-04-15
_Sutton,$2b$12$ePHs82RCjx2Gxr6QC3SON.Q3mA7jKKH.j7nVVlNBZyBrixnXlvsf6,rider,rider,32592384,2020-04-15
_Alfonso,$2b$12$Pl98hW60L8fzOfjM/aF4xecH2p9qby84dh8i51.19VS9F7.wccJ8O,rider,rider,32715840,2020-04-15
_Brentley,$2b$12$2AUWbcny4ClOc/uzyLVLzOeComVD6FsALytv31AG9/7EKQYNEM.IK,rider,rider,32839296,2020-04-15
_Toby,$2b$12$mCYmW.82yw7.9t2cNDYwo.EYvJn.0HzRDGzf2k7IkgWqTlDRgvBtS,rider,rider,32962752,2020-04-15
_Blaze,$2b$12$CUS.gEMlCXW1R3ly2iE4muhCPga6OhKFDhdJ1EIePoF0YxSFf3XLq,rider,rider,33086208,2020-04-15
_Eugene,$2b$12$L7HR8CaRsLQNLIevVUsIfuk0eljDn6V3vADz4136H72ZpCMYfWAwK,rider,rider,33209664,2020-04-15
_Shiloh,$2b$12$1G/qNWqAjmXF8AW9xLw6fOb2N6GTe5hWTJ8WDv20JSdG7JHYAwr8C,rider,rider,33333120,2020-04-15
_Wayne,$2b$12$8f8C.AEVgLVqxLFoNxNrMOdIb65v3R4..UZNXar/3mWsHdIkUczaq,rider,rider,33456576,2020-04-15
_Darian,$2b$12$l9TA9805vPTW3QGKTmEP1.OWHis9Dah3ITM2OLFoQkAXRl3oid7kq,rider,rider,33580032,2020-04-15
_Gordon,$2b$12$43mvUak3UFWkb17Kug/klOhCYYhxpSeaVgaGdZDW.7Fke4xnC3TkO,rider,rider,33703488,2020-04-15
_London,$2b$12$7.YJ7XWF1jBhV0TEpBghgOQLI3Ij7T5Zxfq.aAY3ygj/Pd6qhIxZe,rider,rider,33826944,2020-04-15
_Bodie,$2b$12$8xqGLUcdM6F3V5QLNUEJD.vuNLqsNIcWWLDQ/Z4xI35RJ6bLF5j8W,rider,rider,33950400,2020-04-15
_Jordy,$2b$12$bQk8SnN8QyC/kfO3cverFO8u7FV2WEETtGoh4DLcpYsuf8Ndn9GZy,rider,rider,34073856,2020-04-15
_Jermaine,$2b$12$kzrMwml34gy.vVtVn9HUmu2YsE.MrdoZORScqOwp9x5spWG7a2yqu,rider,rider,34197312,2020-04-15
_Denver,$2b$12$wGDjQkaAjlueBnMYuP1whOaoGoAXh5CQcPxn//PQ9OYdlaimIe0ey,rider,rider,34320768,2020-04-15
_Gerald,$2b$12$riO8nOzryAbkHdrvoy8BIuYG2lvcNvTIt6iKnmDNdayYc9MHNPTuy,rider,rider,34444224,2020-04-15
_Merrick,$2b$12$tA1n3nGwLemZq/qAsOlWoOA8Dubb6mFhs0gCI/ONsf4NtNWRs2Vzy,rider,rider,34567680,2020-04-15
_Musa,$2b$12$91zhNbr6ZduI6WwOfPyWFegEkNZN4Kh57/qqCwg5.kU2WLPdVmW2a,rider,rider,34691136,2020-04-15
_Vincenzo,$2b$12$wA49ZJT8VbGA2HULt/uCfuL0rlhBCWCumoEAcSvkw9afl3IC790ce,rider,rider,34814592,2020-04-15
_Kody,$2b$12$WEGJNb5qn7oU.1pGn/z3c.ok.koFrC2BBkxcvPRbXGx8yQgz0jBba,rider,rider,34938048,2020-04-15
_Yahir,$2b$12$qGJkwnYGkfpmplZwr.hM9eyWErd9Y9wrkKJZqfebonx2c7LV.IFCG,rider,rider,35061504,2020-04-15
_Brodie,$2b$12$ixUqyF0lWOK10QXXW2IaOeULac6lhpTLfcGP7samQHGHpIVJ07lDK,rider,rider,35184960,2020-04-15
_Trace,$2b$12$7MTJtdBgO7EjJYQDXwmVWO2OjkKLESvUPNK.WD1ofiTdDQ/.4tYBq,rider,rider,35308416,2020-04-15
_Darwin,$2b$12$TOEBNUUpzhkNqcKD95ZsVueXYQ0sKEmGez6fIoXjLC7VtFCpZARHO,rider,rider,35431872,2020-04-15
_Tadeo,$2b$12$NX4D6iMR6Y5mXqPUk7t3ZeTm972zBFOv9RkxCaUyMuBROTICIDJ62,rider,rider,35555328,2020-04-15
_Bentlee,$2b$12$Eqb6Rg4ewOUkjKqbDZUyUuq.bSoZ.RDnr54Jw64VQlagrmxNYhwgy,rider,rider,35678784,2020-04-15
_Billy,$2b$12$UAiWl1rYZWK1Ikd/ISqskeYoJdJyGM9IBvAskRjxWZw5PuOrU/5r.,rider,rider,35802240,2020-04-15
_Hugh,$2b$12$kJBaQB200X7h7DGkK2ynRuh7cf4UsVUZ1LqTJ//LCBre0NjMVe2U.,rider,rider,35925696,2020-04-15
_Reginald,$2b$12$cEPRSgPrNmoa08bIJSb7TOi6Os0hhhM/dCjz9T2KNdLRfBz6WezUy,rider,rider,36049152,2020-04-15
_Vance,$2b$12$yK0.UWIs2Hesrj9QO8W8Ou2ncqlhbDKh51AiZJB/LtPFpt/bkrDDW,rider,rider,36172608,2020-04-15
_Westin,$2b$12$21Ymu.l3XJ0XTwE.FemubOGBYFizZr2R7pKwIa2B9hJp0svoOdpQW,rider,rider,36296064,2020-04-15
_Cain,$2b$12$woEIwuh5GFuewhZf6L902eazXr0mMdWnotYH6aGthYzMnUPf12Ulu,rider,rider,36419520,2020-04-15
_Arian,$2b$12$dNfw3b64sXkOMfYy9Oybdu7j9.ImKb/pBB013zJZ9OE3lHEvuAV9C,rider,rider,36542976,2020-04-15
_Dayton,$2b$12$aLe1t2AceucnuLq.CrUHP.1Tf/uVkDnKnhGKF1NxfaV1VDU8yDXoO,rider,rider,36666432,2020-04-15
_Javion,$2b$12$SPT6F9/CVvDMb3vnXNwc5uIpuuneisdsqReaL/NreJcMbFEE2Xx9C,rider,rider,36789888,2020-04-15
_Terrence,$2b$12$zm9gmq/pbryGANTybhYaOOpUXdZLIDT1FwFpn/GaT1O6WODqZtGSu,rider,rider,36913344,2020-04-15
_Brysen,$2b$12$makNnBQG.dcejSb8FaXEZuj5z77TGNSSWuw5w6/cnAPrC1Wq0Big6,rider,rider,37036800,2020-04-15